{
  "project": {
    "name": "Кинозал Петербург-кино",
    "location": "Санкт-Петербург"
  },
  "assumptions": {
    "tariff_rub_per_kwh": 8.64,
    "discount_rate": 0.1,
    "npv_horizon_years": 10,
    "co2_and_ventilation_basis": "occupied_hours_only"
  },
  "scenarios": {
    "Base": {
      "label": "Base",
      "capex_rub": 0,
      "elec_kwh": 46608.33333333706,
      "fan_kwh": 5052.777777778182,
      "heating_kwh": 2771.311915505761,
      "lights_kwh": 3994.444444444764,
      "equipment_kwh": 37544.44444444745,
      "pump_kwh": 16.666666666668,
      "other_kwh": 0.0,
      "vent_avg_m3h_occ": 4132.0442982785835,
      "co2_avg_ppm_occ": 696.080136380424,
      "occ_hours": 5767,
      "annual_savings_kwh": 0.0,
      "annual_savings_pct": 0.0,
      "annual_savings_rub": 0.0,
      "payback_years": null,
      "npv_rub": null,
      "irr": null,
      "monthly": {
        "electricity_kwh": [
          4087.540232033761,
          3576.590256935159,
          3956.008405870597,
          3836.724868798434,
          3953.681305188985,
          3826.996768216635,
          4088.1338042289126,
          3953.4717056787704,
          3831.1265286694897,
          3958.843031455868,
          3829.1710884596946,
          3964.463492488745
        ],
        "fans_kwh": [
          443.0769230769313,
          387.69230769231007,
          429.23076923077747,
          415.38461538462167,
          429.23076923077747,
          415.38461538462167,
          443.0769230769313,
          429.23076923077747,
          415.38461538462167,
          429.23076923077747,
          415.38461538462167,
          429.23076923077747
        ],
        "heating_kwh": [
          820.5214970249837,
          464.7189406471833,
          431.19611302321897,
          152.44522517177504,
          7.679023475152473,
          0.0,
          0.0,
          0.0,
          0.38172050241214506,
          117.8704221407341,
          293.1882070543337,
          483.3107664659677
        ]
      }
    },
    "Base_Rec": {
      "label": "Recuperator",
      "capex_rub": 175000,
      "elec_kwh": 46602.777777781506,
      "fan_kwh": 5052.777777778182,
      "heating_kwh": 1153.9645841429697,
      "lights_kwh": 3994.444444444764,
      "equipment_kwh": 37544.44444444745,
      "pump_kwh": 11.111111111112,
      "other_kwh": 0.0,
      "vent_avg_m3h_occ": 4138.436879610048,
      "co2_avg_ppm_occ": 695.3152911929105,
      "occ_hours": 5767,
      "annual_savings_kwh": 5.555555555554747,
      "annual_savings_pct": 0.011919661481611235,
      "annual_savings_rub": 47.999999999993015,
      "payback_years": 3645.8333333338637,
      "npv_rub": -174705.0607789262,
      "irr": -0.5308630550352516,
      "monthly": {
        "electricity_kwh": [
          4086.640229949541,
          3575.7982115255877,
          3955.1427994685587,
          3835.998698397396,
          3953.500704842357,
          3826.996768216635,
          4088.1338042289126,
          3953.4717056787704,
          3831.0931105857217,
          3958.1786952502543,
          3828.4834192157946,
          3963.5413421015446
        ],
        "fans_kwh": [
          443.0769230769313,
          387.69230769231007,
          429.23076923077747,
          415.38461538462167,
          429.23076923077747,
          415.38461538462167,
          443.0769230769313,
          429.23076923077747,
          415.38461538462167,
          429.23076923077747,
          415.38461538462167,
          429.23076923077747
        ],
        "heating_kwh": [
          374.3850687925255,
          196.5404213180647,
          178.71808700060788,
          48.51257370948177,
          0.8671034668704002,
          0.0,
          0.0,
          0.0,
          0.05439279937852714,
          37.40057077520029,
          113.75317649216682,
          203.73318978867388
        ]
      }
    },
    "Base_HP": {
      "label": "Heat Pump",
      "capex_rub": 430000,
      "elec_kwh": 46619.44444444818,
      "fan_kwh": 5052.777777778182,
      "heating_kwh": 2630.0186951286164,
      "lights_kwh": 3994.444444444764,
      "equipment_kwh": 37544.44444444745,
      "pump_kwh": 27.777777777780003,
      "other_kwh": 1.0089706847793423e-12,
      "vent_avg_m3h_occ": 4131.740835616397,
      "co2_avg_ppm_occ": 696.1010719354565,
      "occ_hours": 5767,
      "annual_savings_kwh": -11.11111111111677,
      "annual_savings_pct": -0.02383932296323808,
      "annual_savings_rub": -96.0000000000489,
      "payback_years": null,
      "npv_rub": null,
      "irr": null,
      "monthly": {
        "electricity_kwh": [
          4091.305521355466,
          3579.070498626733,
          3957.689355649656,
          3836.840865452825,
          3953.681305188985,
          3826.996768216635,
          4088.1338042289126,
          3953.4717056787704,
          3831.1265286694897,
          3959.044644688481,
          3829.8946866370234,
          3966.6367080016307
        ],
        "fans_kwh": [
          443.0769230769313,
          387.69230769231007,
          429.23076923077747,
          415.38461538462167,
          429.23076923077747,
          415.38461538462167,
          443.0769230769313,
          429.23076923077747,
          415.38461538462167,
          429.23076923077747,
          415.38461538462167,
          429.23076923077747
        ],
        "heating_kwh": [
          737.121418812723,
          450.9828553211575,
          408.617433003349,
          152.4361640414775,
          7.67940755544702,
          0.0,
          0.0,
          0.0,
          0.38167098007966993,
          117.67389417149731,
          292.09839516206046,
          463.0274560808251
        ]
      }
    },
    "DCV": {
      "label": "DCV",
      "capex_rub": 160000,
      "elec_kwh": 43591.66666667016,
      "fan_kwh": 2041.6666666668298,
      "heating_kwh": 713.4714291847441,
      "lights_kwh": 3994.444444444764,
      "equipment_kwh": 37544.44444444745,
      "pump_kwh": 8.333333333334,
      "other_kwh": 2.777777777775494,
      "vent_avg_m3h_occ": 2625.430886004126,
      "co2_avg_ppm_occ": 850.1632536872127,
      "occ_hours": 5767,
      "annual_savings_kwh": 3016.6666666669043,
      "annual_savings_pct": 6.472376184516353,
      "annual_savings_rub": 26064.000000002055,
      "payback_years": 6.138735420502893,
      "npv_rub": 151.9970430994017,
      "irr": 0.10022109247426043,
      "monthly": {
        "electricity_kwh": [
          3742.5882232934587,
          3274.8306279322196,
          3624.615094384885,
          3529.22349103634,
          3723.978996105725,
          3690.968049077013,
          3977.4170449624576,
          3846.202389495816,
          3632.821115519958,
          3648.982066131229,
          3508.0470429340594,
          3630.4063441279213
        ],
        "fans_kwh": [
          99.3109023145599,
          86.92095067675255,
          98.87106531074184,
          108.72773688581366,
          199.72977418237397,
          279.3558962449532,
          332.3601638104005,
          321.96145304776496,
          217.11538214391348,
          120.12086909184188,
          95.13544371872268,
          96.26237506880649
        ],
        "heating_kwh": [
          241.539694466094,
          123.00626415253988,
          109.13220328511377,
          25.850505651345394,
          0.1088510807882054,
          0.0,
          0.0,
          0.0,
          0.0,
          20.330069626186578,
          66.85050400361919,
          126.65333691905705
        ]
      }
    },
    "DCV_Rec": {
      "label": "DCV + Rec",
      "capex_rub": 335000,
      "elec_kwh": 43588.888888892376,
      "fan_kwh": 2044.444444444608,
      "heating_kwh": 334.87033639917297,
      "lights_kwh": 3994.444444444764,
      "equipment_kwh": 37544.44444444745,
      "pump_kwh": 5.555555555556,
      "other_kwh": 0.0,
      "vent_avg_m3h_occ": 2627.814526238553,
      "co2_avg_ppm_occ": 848.2017042264418,