{
  "project": {
    "name": "Кинозал Петербург-кино",
    "location": "Санкт-Петербург",
    "generated_at": "2026-03-05T04:10:31"
  },
  "scenarios": {
    "Base": {
      "elec_kwh": 46862.75148802505,
      "fan_kwh": 5081.5384615385465,
      "coil_kwh": 2771.311915505761,
      "vent_avg_m3h": 4130.85000241002,
      "co2_avg_ppm": 644.598810628923,
      "occ_hours": 5767,
      "monthly": {
        "electricity_kwh": [
          4087.540232033761,
          3576.590256935159,
          3956.008405870597,
          3836.724868798434,
          3953.681305188985,
          3826.996768216635,
          4088.1338042289126,
          3953.4717056787704,
          3831.1265286694897,
          3958.843031455868,
          3829.1710884596946,
          3964.463492488745
        ],
        "fans_kwh": [
          443.0769230769313,
          387.69230769231007,
          429.23076923077747,
          415.38461538462167,
          429.23076923077747,
          415.38461538462167,
          443.0769230769313,
          429.23076923077747,
          415.38461538462167,
          429.23076923077747,
          415.38461538462167,
          429.23076923077747
        ],
        "coil_kwh": [
          820.5214970249837,
          464.7189406471833,
          431.19611302321897,
          152.44522517177504,
          7.679023475152473,
          0.0,
          0.0,
          0.0,
          0.38172050241214506,
          117.8704221407341,
          293.1882070543337,
          483.3107664659677
        ]
      },
      "run_summary": {
        "warnings": 16,
        "severe": 0,
        "completed": true
      }
    },
    "DCV": {
      "elec_kwh": 43830.08048500108,
      "fan_kwh": 2055.8720124966453,
      "coil_kwh": 713.4714291847441,
      "vent_avg_m3h": 2618.731646742022,
      "co2_avg_ppm": 773.6773910430101,
      "occ_hours": 5767,
      "monthly": {
        "electricity_kwh": [
          3742.5882232934587,
          3274.8306279322196,
          3624.615094384885,
          3529.22349103634,
          3723.978996105725,
          3690.968049077013,
          3977.4170449624576,
          3846.202389495816,
          3632.821115519958,
          3648.982066131229,
          3508.0470429340594,
          3630.4063441279213
        ],
        "fans_kwh": [
          99.3109023145599,
          86.92095067675255,
          98.87106531074184,
          108.72773688581366,
          199.72977418237397,
          279.3558962449532,
          332.3601638104005,
          321.96145304776496,
          217.11538214391348,
          120.12086909184188,
          95.13544371872268,
          96.26237506880649
        ],
        "coil_kwh": [
          241.539694466094,
          123.00626415253988,
          109.13220328511377,
          25.850505651345394,
          0.1088510807882054,
          0.0,
          0.0,
          0.0,
          0.0,
          20.330069626186578,
          66.85050400361919,
          126.65333691905705
        ]
      },
      "run_summary": {
        "warnings": 17,
        "severe": 0,
        "completed": true
      }
    },
    "Base_HP": {
      "elec_kwh": 46873.892392394606,
      "fan_kwh": 5081.5384615385465,
      "coil_kwh": 2630.018695128617,
      "vent_avg_m3h": 4130.54550934121,
      "co2_avg_ppm": 644.6310741294894,
      "occ_hours": 5767,
      "monthly": {
        "electricity_kwh": [
          4091.305521355466,
          3579.070498626733,
          3957.689355649656,
          3836.840865452825,
          3953.681305188985,
          3826.996768216635,
          4088.1338042289126,
          3953.4717056787704,
          3831.1265286694897,
          3959.044644688481,
          3829.8946866370234,
          3966.6367080016307
        ],
        "fans_kwh": [
          443.0769230769313,
          387.69230769231007,
          429.23076923077747,
          415.38461538462167,
          429.23076923077747,
          415.38461538462167,
          443.0769230769313,
          429.23076923077747,
          415.38461538462167,
          429.23076923077747,
          415.38461538462167,
          429.23076923077747
        ],
        "coil_kwh": [
          737.121418812723,
          450.9828553211575,
          408.617433003349,
          152.4361640414775,
          7.67940755544702,
          0.0,
          0.0,
          0.0,
          0.38167098007966993,
          117.67389417149731,
          292.09839516206046,
          463.0274560808251
        ]
      },
      "run_summary": {
        "warnings": 16,
        "severe": 0,
        "completed": true
      }
    },
    "DCV_HP": {
      "elec_kwh": 43835.59076402779,
      "fan_kwh": 2055.871990135783,
      "coil_kwh": 708.2984961951106,
      "vent_avg_m3h": 2618.7234966187657,
      "co2_avg_ppm": 773.6741629556348,
      "occ_hours": 5767,
      "monthly": {
        "electricity_kwh": [
          3745.1723709828902,
          3275.91050110576,
          3625.3566373305475,
          3529.2234858439783,
          3723.978995874937,
          3690.9680500787204,
          3977.417044508917,
          3846.202389304056,
          3632.8211148565256,
          3648.982059596541,
          3508.1934180969333,
          3631.3646964479826
        ],
        "fans_kwh": [
          99.3109023145599,
          86.92095023445759,
          98.87105821583525,
          108.72773169344731,
          199.72977395159035,
          279.355897246664,
          332.3601633568582,
          321.9614528560026,
          217.11538148047546,
          120.12086255715914,
          95.13544215106927,
          96.26237407766403
        ],
        "coil_kwh": [
          236.45181878821808,
          123.00245879993847,
          109.06982441484988,
          25.84943024874982,
          0.10881420290853117,
          0.0,
          0.0,
          0.0,
          0.0,
          20.329127199851875,
          66.84848293922073,
          126.63853960137325
        ]
      },
      "run_summary": {
        "warnings": 17,
        "severe": 0,
        "completed": true
      }
    },
    "Base_Rec": {
      "elec_kwh": 46856.979489461075,
      "fan_kwh": 5081.5384615385465,
      "coil_kwh": 1153.9645841429697,
      "vent_avg_m3h": 4137.33455443452,
      "co2_avg_ppm": 644.2674106959902,
      "occ_hours": 5767,
      "monthly": {
        "electricity_kwh": [
          4086.640229949541,
          3575.7982115255877,
          3955.1427994685587,
          3835.998698397396,
          3953.500704842357,
          3826.996768216635,
          4088.1338042289126,
          3953.4717056787704,
          3831.0931105857217,
          3958.1786952502543,
          3828.4834192157946,
          3963.5413421015446
        ],
        "fans_kwh": [
          443.0769230769313,
          387.69230769231007,
          429.23076923077747,
          415.38461538462167,
          429.23076923077747,
          415.38461538462167,
          443.0769230769313,
          429.23076923077747,
          415.38461538462167,
          429.23076923077747,
          415.38461538462167,
          429.23076923077747
        ],
        "coil_kwh": [
          374.3850687925255,
          196.5404213180647,
          178.71808700060788,
          48.51257370948177,
          0.8671034668704002,
          0.0,
          0.0,
          0.0,
          0.05439279937852714,
          37.40057077520029,
          113.75317649216682,
          203.73318978867388
        ]
      },
      "run_summary": {
        "warnings": 16,
        "severe": 0,
        "completed": true
      }
    },
    "DCV_Rec": {
      "elec_kwh": 43828.25036863861,
      "fan_kwh": 2056.9931177790536,
      "coil_kwh": 334.870336399173,
      "vent_avg_m3h": 2621.1446548405306,
      "co2_avg_ppm": 772.5154406903928,
      "occ_hours": 5767,